{"train_losses": [0.04774177808221761, 0.022361642493316014, 0.019269064474505423, 0.017725094341042653, 0.01688783413186429, 0.0162787323680944, 0.015613057881458012, 0.015330842486743539, 0.014928650276578288, 0.014637507723150348, 0.014249533777075855], "val_losses": [0.08245714008808136, 0.08902141451835632, 0.08415838330984116, 0.08282972872257233, 0.08587265759706497, 0.07753568887710571, 0.08754638582468033, 0.08622569590806961, 0.0812092125415802, 0.08096381276845932, 0.0825062170624733], "best_val_loss": 0.07753568887710571, "hyperparameters": {"input_size": 520, "hidden_size": 1040, "output_size": 1, "num_epochs": 100, "batch_size": 64, "learning_rate": 0.001, "early_stopping_epochs": 5, "p_dropout": 0.5}}